"";"seq";"name";"importance"
"1";"GGATGAACGCTGGCGGCGTGCCTAACACATGCAAGTCGAGCGATTCTCTTCGGAGAAGAGCGGCGGACGGGTGAGTAACGCGTGGGTAACCTACCCTGTACACACGGATAACATACCGAAAGGTATGCTAATACGGGATGATATATAGAAATCGCATGATTTTTATATCAAAGATTTATCGGTACAGGATGGACCCGCGTCTGATTAGCTTGTTGGCGGGGTAACGGCCCACCAAGGCGACGATCAGTAGCCGACCTGAGAGGGTGATCGGCCACATTGGAACTGAGACACGGTCCAAACTC";"ASV_478_Unknown_genus_in_Bacteria";100
"2";"TCGTGACTAGTTGCTACTATTTAGTTAGAGAACTCTAGTCAGACTGCCGTGGATAACACGGAGGAAGGTGAGGATGACGTCAAATCATCACGTCCCTTATGTCTTGGGCTACAAACGTACTACAATGGCTATAACAAAGAGAAGCGAATCCGCGAGGAGGAGCAAAACTGATAAAAATAGTCTCAGTTCGGATTGCAGGCTGAAANNNNNNNNNNGTTCGGATTGCAGGCTGAAACTCGCCTGCATGAAGCTGGAATTGCTAGTAATCACAGGTCAGCATACTGTGGTGAATACGTTCCCGGGCCTTGTACACACCGCCCGTCACACCATGAGAGTTGATAATACCCGAAGTCCAAAGTAATTTGGCCGAAGGTAGGATTGATGATTAGGGTGA";"ASV_8_Unknown_genus_in_Unknown_domain";38,6848234685833
"3";"CCTCTAGCATATCCAGTATTAGAGGCACTGCCTGCCCAGTGACATAAGTTAAACGGCCGCGGTATCCTGACCGTGCAAAGGTAGCATAATCACTTGTTCTCTAAATAAGGACTAGTATGAATGGCCACACGAGGGTTTAACTGTCTCTTACTTCCAATCAGTGAAATTGACCTTCCCGTGAAGAGGCGGGAATACAACAATA";"ASV_779_Unknown_genus_in_Unknown_domain";28,8531338640899
"4";"GGATGAACGCTAGCTACAGGCTTAACACATGCAAGTCGAGGGGCAGCATGGTCTTAGCTTGCTAAGGCCGATGGCGACCGGCGCACGGGTGAGTAACGCGTATCCAACCTGCCTTACACTCTTGGACAGCCTTCTGAAAGGGAGATTAATACAAGATGTTATCATGAGTAAGCATTTTCGCATGATTAAAGGTTTACCGGTGTAAGATGGGGATGCGTTCCATTAGATAGTAGGCGGGGTAACGGCCCACCTAGTCTTCGATGGATAGGGGTTCTGAGAGGAAGGTCCCCCACATTGGAACTGAGACACGGTCCAAACTC";"ASV_469_Bacteroides";28,8130835514443
"5";"GGATGAACGCTGGCGGCGCGCCTAACACATGCAAGTCGAACGGCACCCCACCTCGGTGGGAAGCGAGTGGCGAACGGCTGAGTAACACGTGGAGAACCCGCCCCCTCCTCCGGGATAGCCTCGGGAAACCGTGGGTAATACCGGATGACGCCCGGACGACGCATGTCGCCCGGGCCAAAGCCCAGACGGGAGGGGATGGCTCCGCGGCCCATCAGGTAGACGGCGGGGTGAAGGCCCACCGTGCCGACGACGGGTAGCCGGGTTGAGAGACCGACCGGCCAGATTGGGACTGAGACACGGCCCAGA";"ASV_517_Collinsella";23,5168479538954
"6";"TCATCCTCGTTTGCCATCAGGTAATGCTGGGCACTCCGGGGATACTGCCATCGTAAGATGTGAGGAAGGTGGGGATGACGTCAAATCAGCACGGCCCTTACGTCCGGGGCTACACACGTGTTACAATGGGCGGTACAGAGGGCAGCCACCACGCGAGTGGGCGCTAATCCTCAAAGCCGTTCTCAGTTCGGACTGGAGTCTGCAANNNNNNNNNNACTGGAGTCTGCAACCCGACTCCACGAAGCTGGATTCGCTAGTAATCGCGCATCAGCCATGGCGCGGTGAATACGTTCCCGGGCCTTGTACACACCGCCCGTCAAGCCATGAAAGCCGGGAGCACCTGAAGACCGTGACCGCAAGGGTCGGCCTAGGGTGATACTGGTGATTGGGGCTA";"ASV_1_Alloprevotella";22,0274594191417
"7";"TTGCCATCAGTTGCCATCATTAAGTTGGGCACTCTGGTGGGACTGCCGGGGACAACTCGGAGGAAGGTGGGGATGACGTCAAATCATCATGCCCCTTATGTTCTGGGCTACACACGTGCTACAATGGCCGGTACAACAGGTCGCGAACCCGTGAGGGGGAGCCAATCCCAAAAACCGGTCCCAGTTCGGACTGCAGGCTGCAACCNNNNNNNNNNGGACTGCAGGCTGCAACCCGCCTGCACGAAGCCGGAGTTGCTAGTAATCGCGGATCAGAATGCCGCGGTGAATGCGTTCCCGGGTCTTGTACACACCGCCCGTCACACCATGGAAGTTGGGGGTGCCCAAAGTCGGTTAAGTAATAGATCGCCTAAGGCAAAACCAATGACTGGGGTGA";"ASV_46_.Eubacterium._nodatum_group";18,3942798410422
"8";"GTGGGGAATATTGGACAATGGACCAAAAGTCTGATCCAGCAATTCTGTGTGCACGATGAAGTTTTTCGGAATGTAAAGTGCTTTCAGTTGGGAAGAAGAAAGTGACGGTACCAACAGAAGAAGCGACGGCTAAATACGTGCCAGCAGCCGCGGTAATACGTATGTCGCAAGCGTTATCCGGATTTATTGGGCGTAAAGCGCGTCNNNNNNNNNNTGAAAATGCGGGGCTCAACTCCGTATTGCGTTGGAAACTGCCAAACTAGAGTACTGGAGAGGTAGGCGGAACTACAAGTGTAGAGGTGAAATTCGTAGATATTTGTAGGAATGCCGATGGGGAAGCCAGCCTACTGGACAGATACTGACGCTAAAGCGCGAAAGCGTGGGTAGCAAACAG";"ASV_764_Fusobacterium";14,5081568525698
"9";"GGATGAACGCTAGCGACAGGCTTAACACATGCAAGTCGAGGGGCAGCGGGGCGTAGCAATACGCCGCCGGCGACCGGCGCACGGGTGAGTAACGCGTATGCAACCTGCCCATCAGAGGGGGATAACCCGGCGAAAGTCGGACTAATACCGCGTAGCGCCGCCATTCCGCATGGGGAGGCGGCCAAAGGGTGCGAATCGCTGATGGATGGGCATGCGTTCCATTAGGCAGTTGGCGGGGTAACGGCCCACCAAACCGACGATGGATAGGGGTTCTGAGAGGAAGGTCCCCCACATTGGTACTGAGACACGGAC";"ASV_239_Parabacteroides";11,6844504825357
"10";"TCCACTAGTGTAAATCGTCATTGCTGCGGTTAAAAAGCTCGTAGTTGGATCTGAGTCGCATGCAGTGGTTCGCCTTTGGCGTTAATCGCTGTTGCGACTATTTGCTGGTTTTCTACTGAAGTTTCGGCTTCTTTAGTGGCTAGCGAGTTTACTTTGAATAAATTAGAGTGCTCAGAACAAGCGTTTGCTTGAATGCTCGATCATGGAATAATAAAAGAGGACTTCGGTTCTATTTATTGGTTCAGGAACTGAAATAATGGTTAAGAGGGACAATTCGGGGGCATTCGTATCCCTGCGCGAGAGGTGAAATTCGTGGACCGCAGGGGGACGCCCTAAAGCG";"ASV_623_Rhabditida";11,189731357005
"11";"TGCTGTGAAGTGTCGGCTTAAGTGCCATAACGAGCGCAACCCTTGTCGTCAGTTGCCATCAGGTAATGCTGGGGACTCTGGCGAGACTGCCACCGCAAGGTGTGAGGAAGGGGGGGATGACGTCAAATCAGCACGGCCCTTACGTCCGGGGCGACACACGTGTTACAATGGTGGGTACAGAGGGAAGCTACCTGGTGACAGNNNNNNNNNNATTGGAGTCTGCAACTCGACTCCATGAAGTTGGATTCGCTAGTAATCGCGCATCAGCCATGGCGCGGTGAATACGTTCCCGGGCCTTGTACACACCGCCCGTCAAGCCATGGAAGCCGGGGGTGCCTGAAGTTCGTGACCGCGAGGAGCGACCTAGGGCAAAACTGGTAACTGGGGCTA";"ASV_562_Rikenellaceae_RC9_gut_group";9,91640233491369
"12";"CAACTGCTTTATACTGTGAAACTGCGAATGGCTCATTAAATCAGTTATAGTTTATTTGATGGTACCTACTACTCGGATACCCGTAGTAAATCTAGAGCTAATACGTGCGTAAATCCCGACTTCTGGAAGGGACGTATTTATTAGATAAAAGGCCGACCGGGCTCTGCCCGACTCGCGGTGAATCATGATAACTTCACGAATCGCATGGCCTCGTGCCGGCGATGTTTCATTCAAATTTCTGCCCTATCAACTTTCGATGGTAGGATAGAGGCCTACCATGGTGGTAACGGGTGACGGAGGATTAGGGTTCGATTCCG";"ASV_123_Unknown_genus_in_Chlorellales";9,90079726702289
"13";"GGATGAACGCTAGCTACAGGCTTAACACATGCAAGTCGAGGGGCAGCATGGGCAGAGCTTGCTCTGCCTGATGGCGACCGGCGCACGGGTGCGTAACGCGTATCGAACCTGCCACTTACTCGGGAATAGCCTTGCGAAAGTAAGATTAATGCCCGATGTTTTCATGGAGGCGCATGCCTTTGTGAACAAAGATTCATCGGTAAGTGATGGCGATGCGTAGCATTAGGTAGTAGGCGGGGTAACGGCCCACCTAGCCCGCGATGCTTAGGGGTTCTGAGAGGAAGGTCCCCCACATTGGAACTGAGACACGGTCCAAACTC";"ASV_466_Alloprevotella";9,84646964271221
"14";"TGTCGTGAGATGTTGGGTTAAGTCCCGCAACGAGCGCAACCCTTATCCTTAGTAGCCAGCAGTACGGCTGGGCACTCTGGGGAGACTGCCAGGGATAACCTGGAGGAAGGTGGGGATGACGTCAAATCATCATGCCCCTTATGATTTGGGCTACACACGTGCTACAATGGCGTAAACAAAGGGAAGCGATCACGTGAGTGTNNNNNNNNNNCTGCAACCCGACTACACGAAGCTGGAATCGCTAGTAATCGCAGGTCAGCATACTGCGGTGAATACGTTCCCGGGTCTTGTACACACCGCCCGTCACACCATGGGAGTCAGTAACGCCCGAAGTCAGTGACCTAACCGCAAGGGAGGAGCTGCCGAAGGCGGGACCGATGACTGGGGTGA";"ASV_579_Unknown_genus_in_Lachnospiraceae";9,34404528233869
"15";"GGATGAACGCTGGCGGCGTGCTTAATACATGCAAGTCGAACGAAGAATTAGATAAGCTTGCTTAGCTAATTCTTAGTGGCGAACGGGTGAGTAATACATAAGCAACCTACCTCTTAGAAAGGGATAACCTCTGGAAACGGAAGCTAATACCTTATAGCTAATTAGATGGCATCATCTAATTACTAAAGATGCGTTTGCATCGCTAAGAGATGGGCTTATGGTGTATTAGCTAGTTGGTGAGGTAACTGCTCACCAAGGCCATGATACATAGCCGGCCTGAGAGGGTGAACGGCCACATTGGGACTGAGACACGGCCCAGA";"ASV_530_Unknown_genus_in_Firmicutes";8,6239482343567
"16";"CGTTAAGGACTTTAGGACATCCTGGTAGGAGGGTTGATTTAGCAATTTTTAGATTACATTGTGCTGGTTTAAGTTCTATTTTAGGTGGTATTAATTTTATGTGTACTACAAAGAATTTGCGTAGTAGTTCTATTTCTTTGGAGCATATAAGTTTATTTGTTTGAACTGTGTTTGTGACTGTTTTTTTATTGGTTTTGTCTTTAC";"ASV_594_Unknown_genus_in_Insecta";8,46533830086739
"17";"GGATGAACGCTGGCGGCGTGCCTAACACATGCAAGTCGAGCGAAGCACTTTGCTTAGATTCTTCGGATGAAGAGCCTTGTGACTGAGCGGCGGACGGGTGAGTAACGCGTGGGTAACCTGCCTCATACAGGGGGATAACAGTTAGAAATGACTGCTAATACCGCATAAGACCACAGCACCGCATGGTGCAGGGGTAAAAACTCCGGTGGTATGAGATGGACCCGCGTCTGATTAGCTAGTTGGTAAGGTAACGGCTTACCAAGGCGACGATCAGTAGCCGACCTGAGAGGGTGACCGGCCACATTGGGACTGAGACACGGCCCAAACTC";"ASV_475_.Ruminococcus._torques_group";7,984204387511
"18";"GGATGAACGCTGGCGGCGTGCTTAACACATGCAAGTCGAACGATTAAACCGCCTTCGGGCGGACATAGAGTGGCGAACGGGTGAGTAACACGTGACCAACCTGCCCCTTCCTCCGGGACAACCTCGGGAAACCGAGGCTAATACCGGACGACCCGCGGGAGCCGCATGGCGCCCGCGGCAAAGCCCAGGCGGGAAGGGATGGGGTCGCGGCCCATCAGGTAGTAGGCGGGGTAACGGCCCACCTAGCTGACGACGGGTAGCCGCGCTGAGAGGCGGACCGGCCACATTGGGACTGAGACACGGCCCAGA";"ASV_528_Slackia";7,88529875871517
"19";"GATTGAACGCTGGCGGCATGCTTTACACATGCAAGTCGAACGGCAGCACAGGGAGCTTGCTCCCGGGTGGCGAGTGGCGCACGGGTGAGTAATACATCGGAACGTGTCCTGTTGTGGGGGATAACTGCTCGAAAGGGTGGCTAATACCGCATGAGACCTGAGGGTGAAAGCGGGGGATCGCAAGACCTCGCGCAATTGGAGCGGCCGATGCCCGATTAGCTAGTTGGTGAGGTAAAGGCTCACCAAGGCGACGATCGGTAGCTGGTCTGAGAGGACGACCAGCCACACTGGGACTGAGACACGGCCCAGA";"ASV_486_Sutterella";7,3517350811449
"20";"CAGTGAGGAATATTGGTCAATGGGCGCGAGCCTGAACCAGCCAAGTAGCGTGAAGGATGACTGCCCTACGGGTTGTAAACTTCTTTTGTCCGGGAATAAAACCGCCTACGTGTAGGCGCTTGTATGTACCGGTACGAATAAGCATCGGCTAACTCCGTGCCAGCAGCCGCGGTAATACGGAGGATGCGAGCGTTATCCGGATTNNNNNNNNNNGAAAGTTCGGGGCTCAACCTTGAAATTGCAGTTGATACTGGAGACCTTGAGTGCAGTTGAGGCAGGCGGAATTCGTGGTGTAGCGGTGAAATGCTTAGATATCACGAAGAACTCCGATTGCGAAGGCAGCTTGCTAAAGTGTAACTGACGTTCATGCTCGAAAGTGTGGGTATCAAACAG";"ASV_541_Bacteroides";6,96714371246412
