Name_F,Name_R,Seq_F,Seq_R
16S.1100.F16_100_F,1492R_100_R,CAACGAGCGCAACCCT,TACGGYTACCTTGTTAYGACTT
16SA_L_110_F,16SB_H_110_R,CGCCTGTTTATCAAAAACAT,CCGGTCTGAACTCAGATCACGT
18S_0067a_deg_3Mod_53_F,NSR399_3Mod_53_R,AAGCCATGCATGYCTAAGTATM,TCTCAGGCTCCYTCTCC
18SiCF1_111_F,18SiCR1_111_R,CCTATCAGCTTTAGACGGTAGG,TCTAAGAATTTCACCTCTGACTG
27M_F_98_F,CCR_98_R,AGRGTTTGATCMTGGCTCAG,GCTGCCTCCCGTAGGAGTCTGG
5.8SR_130_F,ITS4_130_R,TCGATGAAGAACGCAGCG,TCCTCCGCTTATTGATATGC
ACM_008_17_F,Klin0341_CR_18_R,AGAGTTTGATCCTGGCTCAG,CTGCWGCCNCCCGTAGG
ACM_008_17_F,ADM330_CR_17_R,AGAGTTTGATCCTGGCTCAG,GCTGCCTCCCGTAGGAGT
ADM330_18_F,Klin0785_CR_19_R,ACTCCTACGGGAGGCAGC,GACTACHVGGGTATCTAATCC
ArF5_105_F,ArR5Vasco_137_R,GCNCCNGAYATRKCNTTYCCNCG,GTRATNGCNCCNGCNARNACNGG
BF2_139_F,BR1_139_R,GCHCCHGAYATRGCHTTYCC,ARYATDGTRATDGCHCCDGC
Df_ITSRev_114_F,Df_ITSnesFor_114_R,GCGGGTCTTCCTATATAAACAAGAACC,ATACGTCCCTGCCCTTTGTA
Eim_Ap5_60_F,Eim_Ap5_60_R,YAAAGGAATTTGAATCCTCGTTT,YAGAATTGATGCCTGAGYGGTC
Eim_COX0_50_F,Eim_COX0_50_R,CCTCATTTAACGGTGATCCAGTACT,GCACCAAGAGATAGTACGAAATGGA
F1073_101_F,1492R_100_R,CATGGYTGTCGTCAGCTCGT,TACGGYTACCTTGTTAYGACTT
fwhF2_106_F,fwhR2n_106_R,GGDACWGGWTGAACWGTWTAYCCHCC,GTRATWGCHCCDGCTARWACWGG
Gen_600_7_F,Nem_0425_4_2_R,GCCGCGGTAATTCCAGCT,ARACATTCTTGGCAAATGCYTTC
Hadz_566_6_F,Mach2Gen_7_R,CAGCAGCCGCGGTAATTCC,TCCGTCAATTTCTTTAAGTTTCAG
HSPF3_112_F,HSPR3_112_R,GCTGSTGATACTCACTTGGGTGG,CTCTTGTCCATACCAGCATCC
ITS1_129_F,ITS2_129_R,TCCGTAGGTGAACCTGCGG,GCTGCGTTCTTCATCGATGC
Klin0341_19_F,Klin0785_CR_19_R,CCTACGGGNGGCWGCAG,GACTACHVGGGTATCTAATCC
L14816_79_F,H15173_80_R,CCATCCAACATCTCAGCATGATGAAA,CCCTCAGAATGATATTTGTCCTCA
L2513_64_F,H2714_64_R,GCCTGTTTACCAAAAACATCAC,CTCCATAGGGTCTTCTCGTCTT
LSU_Fwd_2_3Mod_55_F,LSU_Rev_4_54_R,ACAAGTACCDTRAGGGAAAGTT,GTTAGACTYCTTGGTCCGTG
Mamm1F_90_F,Mamm1R_91_R,CAACGGAACAAGTTACCCTAG,GAACCGACCTGGATTACTC
MarkN_10_F,Proti440R_28_R,GCTTGTCTCAAAGATTAAGCCN,CAGGCYCSCTCTCCGGA
mlCOIintF_XT_104_F,JgHCO2198_104_R,GGWACWRGWTGRACWNTNTAYCCYCC,TANACYTCNGGRTGNCCRAARAAYCA
NdmlCOIlintF_1_72_F,dgHCO2198_72_R,GGAACAGGATGAACTGTTTACCCTCC,TAAACTTCAGGGTGACCAAARAAYCA
Nem_0425_6CR_14_F,EukB_MH_24_R,ATAACAGGTCTGTGATGCCCTT,TGATCCTTCTGCAGGTTCACC
Prot1702_32_F,EukB_MH_24_R,YGGTGRTGCATGGCCGYT,TGATCCTTCTGCAGGTTCACC
Prot1702_32_F,wang1624CR6S_16_R,YGGTGRTGCATGGCCGYT,GGGCGGTGTGTACAAAGG
Proti1580_33_F,wang1624CR6S_16_R,TTGACGGARKGGYACCACMA,GGGCGGTGTGTACAAAGG
Proti643_31_F,wang1141CR_14_R,CCGCGGTAATTCCAGCTC,GGTGCCCTTCCGTCAATTC
wang1141_13_F,Nem_0425_6_3_R,GAATTGACGGAAGGGCACC,AAGGGCATCACAGACCTGTTAT
ZBJ_ArtF1c_67_F,ZBJ_ArtR2c_67_R,AGATATTGGAACWTTATATTTTATTTTTGG,WACTAATCAATTWCCAAATCCTCC
